City_ID,City,Country,Date,Lat,Lng,Max Temp,Humidity,Cloudiness,Wind Speed
0,Launceston,AU,2022-10-03 14:19:22,-41.45,147.1667,46.04,93,93,11.5
1,Forestville,US,2022-10-03 14:19:23,38.8451,-76.875,51.22,81,100,19.57
2,Ushuaia,AR,2022-10-03 14:19:23,-54.8,-68.3,42.46,75,0,2.3
3,Cape Town,ZA,2022-10-03 14:19:24,-33.9258,18.4232,69.12,51,40,10.36
4,Port Elizabeth,ZA,2022-10-03 14:19:25,-33.918,25.5701,67.1,74,20,23.02
5,Khatanga,RU,2022-10-03 14:19:26,71.9667,102.5,12.67,93,98,7.0
6,Punta Arenas,CL,2022-10-03 14:19:26,-53.15,-70.9167,46.42,83,75,12.66
7,Bandarbeyla,SO,2022-10-03 14:19:28,9.4942,50.8122,79.34,76,41,23.64
8,Lazaro Cardenas,MX,2022-10-03 14:19:28,17.9583,-102.2,76.53,87,100,4.81
9,Sorland,NO,2022-10-03 14:19:29,67.667,12.6934,49.86,83,100,26.11
10,Busselton,AU,2022-10-03 14:19:29,-33.65,115.3333,51.73,68,0,11.65
11,Avarua,CK,2022-10-03 14:19:30,-21.2078,-159.775,73.45,78,20,13.8
12,Hobart,AU,2022-10-03 14:19:30,-42.8794,147.3294,47.26,75,99,4.61
13,Kapaa,US,2022-10-03 14:18:13,22.0752,-159.319,73.38,82,0,6.91
14,Chuy,UY,2022-10-03 14:19:31,-33.6971,-53.4616,58.93,56,20,12.53
15,Fort Nelson,CA,2022-10-03 14:15:07,58.8053,-122.7002,27.99,86,75,2.3
16,Mehamn,NO,2022-10-03 14:19:31,71.0357,27.8492,42.71,77,86,6.33
17,Upernavik,GL,2022-10-03 14:19:32,72.7868,-56.1549,20.93,77,100,6.6
18,Thompson,CA,2022-10-03 14:19:32,55.7435,-97.8558,46.56,66,40,8.05
19,Prince Rupert,CA,2022-10-03 14:19:25,54.3161,-130.3201,49.69,100,100,9.22
20,Meulaboh,ID,2022-10-03 14:19:33,4.1363,96.1285,77.45,84,100,3.31
21,Jamestown,US,2022-10-03 14:19:25,42.097,-79.2353,50.02,62,20,4.61
22,Tuatapere,NZ,2022-10-03 14:19:34,-46.1333,167.6833,36.16,86,4,5.37
23,Cayenne,GF,2022-10-03 14:19:35,4.9333,-52.3333,89.64,58,40,6.91
24,Harrison,US,2022-10-03 14:19:35,30.4091,-89.0436,68.07,66,0,9.22
25,Ilulissat,GL,2022-10-03 14:19:36,69.2167,-51.1,33.82,69,40,1.14
26,Butaritari,KI,2022-10-03 14:19:36,3.0707,172.7902,81.27,73,10,12.39
27,Kruisfontein,ZA,2022-10-03 14:19:36,-34.0033,24.7314,64.89,62,60,21.56
28,Grindavik,IS,2022-10-03 14:19:37,63.8424,-22.4338,49.95,76,75,9.22
29,Aksarayskiy,RU,2022-10-03 14:19:37,46.7924,48.0119,66.15,34,100,15.55
30,Hambantota,LK,2022-10-03 14:19:37,6.1241,81.1185,80.11,77,72,22.88
31,Mar Del Plata,AR,2022-10-03 14:19:38,-38.0023,-57.5575,56.95,67,0,16.11
32,Saint George,US,2022-10-03 14:15:09,37.1041,-113.5841,65.79,73,75,8.05
33,Tura,IN,2022-10-03 14:19:38,25.5198,90.2201,73.42,96,100,2.62
34,Tiznit,MA,2022-10-03 14:19:38,29.5833,-9.5,93.31,13,5,7.99
35,Albany,US,2022-10-03 14:18:17,42.6001,-73.9662,48.33,70,99,4.59
36,Hilo,US,2022-10-03 14:19:39,19.7297,-155.09,77.29,86,0,4.61
37,New Norfolk,AU,2022-10-03 14:19:40,-42.7826,147.0587,46.92,64,91,3.0
38,Walvis Bay,NA,2022-10-03 14:19:41,-22.9575,14.5053,61.09,56,8,24.16
39,Izumo,JP,2022-10-03 14:19:41,35.3667,132.7667,75.15,84,89,5.84
40,Broome,US,2022-10-03 14:19:41,42.2506,-75.833,48.61,71,0,8.05
41,Moron,AR,2022-10-03 14:19:42,-34.6534,-58.6198,64.94,65,30,8.43
42,Puerto Ayora,EC,2022-10-03 14:19:42,-0.7393,-90.3518,67.96,100,100,5.99
43,Teguldet,RU,2022-10-03 14:20:43,57.3064,88.1667,30.22,78,86,2.51
44,Georgetown,MY,2022-10-03 14:20:43,5.4112,100.3354,80.89,85,20,0.0
45,Lucapa,AO,2022-10-03 14:20:44,-8.4192,20.7447,87.04,39,91,4.47
46,Ontario,US,2022-10-03 14:20:44,34.0633,-117.6509,70.0,87,0,0.0
47,Wageningen,NL,2022-10-03 14:20:45,51.9667,5.6667,64.89,67,100,4.61
48,Plastun,RU,2022-10-03 14:20:45,44.7561,136.2939,57.87,98,100,2.28
49,Mataura,NZ,2022-10-03 14:20:45,-46.1927,168.8643,32.7,95,1,2.57
50,Adrar,MR,2022-10-03 14:20:46,20.5022,-10.0711,97.95,24,78,8.59
51,Pangnirtung,CA,2022-10-03 14:20:46,66.1451,-65.7125,30.69,59,97,5.35
52,Atuona,PF,2022-10-03 14:20:47,-9.8,-139.0333,76.37,68,25,19.24
53,Dikson,RU,2022-10-03 14:20:47,73.5069,80.5464,33.42,99,100,12.86
54,Chokurdakh,RU,2022-10-03 14:20:48,70.6333,147.9167,21.56,95,100,8.41
55,Ucluelet,CA,2022-10-03 14:20:48,48.9329,-125.5528,55.09,93,13,4.29
56,Cabo San Lucas,MX,2022-10-03 14:16:02,22.8909,-109.9124,81.52,55,62,13.33
57,Port Alfred,ZA,2022-10-03 14:20:49,-33.5906,26.891,64.18,82,64,5.99
58,Sokolovo,RU,2022-10-03 14:20:49,52.5318,84.7896,30.31,87,0,4.92
59,Kotido,UG,2022-10-03 14:20:50,2.9806,34.1331,80.2,41,100,12.01
60,Chapais,CA,2022-10-03 14:17:48,49.7834,-74.8492,44.38,47,85,8.97
61,Tessalit,ML,2022-10-03 14:20:50,20.1986,1.0114,104.79,7,5,15.7
62,Atambua,ID,2022-10-03 14:20:51,-9.1061,124.8925,76.96,85,95,0.56
63,Kahului,US,2022-10-03 14:20:52,20.8947,-156.47,75.85,89,100,5.75
64,Bredasdorp,ZA,2022-10-03 14:20:53,-34.5322,20.0403,64.4,53,84,20.62
65,Conakry,GN,2022-10-03 14:20:53,9.538,-13.6773,84.27,79,75,9.22
66,Naze,JP,2022-10-03 14:20:54,28.3667,129.4833,76.64,80,18,10.51
67,Bambous Virieux,MU,2022-10-03 14:20:54,-20.3428,57.7575,73.22,78,75,13.8
68,Hermanus,ZA,2022-10-03 14:20:54,-34.4187,19.2345,64.8,67,44,17.9
69,Mayumba,GA,2022-10-03 14:20:55,-3.432,10.6554,79.11,78,94,8.84
70,Makakilo City,US,2022-10-03 14:20:55,21.3469,-158.0858,75.69,85,0,5.75
71,Los Banos,PH,2022-10-03 14:20:56,14.1667,121.1833,79.79,90,93,6.08
72,Vaini,TO,2022-10-03 14:20:56,-21.2,-175.2,75.36,83,75,5.75
73,Brae,GB,2022-10-03 14:20:57,60.3964,-1.353,55.4,81,100,11.63
74,Ribeira Grande,PT,2022-10-03 14:20:57,38.5167,-28.7,75.6,78,20,8.05
75,Santa Isabel Do Rio Negro,BR,2022-10-03 14:20:57,-0.4139,-65.0192,87.64,56,97,2.37
76,Luanda,AO,2022-10-03 14:18:30,-8.8368,13.2343,78.8,69,40,10.36
77,Rikitea,PF,2022-10-03 14:20:58,-23.1203,-134.9692,72.61,74,54,11.95
78,Tautira,PF,2022-10-03 14:20:59,-17.7333,-149.15,77.45,77,45,18.63
79,Xiongyue,CN,2022-10-03 14:21:00,40.1774,122.1228,48.7,74,100,30.56
80,Ayorou,NE,2022-10-03 14:21:00,14.7308,0.9174,105.58,16,9,11.18
81,Mpika,ZM,2022-10-03 14:21:01,-11.8343,31.4529,84.61,17,0,9.44
82,Boali,CF,2022-10-03 14:21:01,4.8005,18.1275,81.3,74,77,7.85
83,Saldanha,ZA,2022-10-03 14:21:02,-33.0117,17.9442,68.05,67,85,14.05
84,Maumelle,US,2022-10-03 14:21:02,34.8668,-92.4043,65.88,67,0,1.99
85,Hithadhoo,MV,2022-10-03 14:21:03,-0.6,73.0833,82.09,68,85,14.2
86,Leningradskiy,RU,2022-10-03 14:21:03,69.3833,178.4167,30.02,92,100,11.16
87,Zaykovo,RU,2022-10-03 14:21:04,57.5613,62.7568,48.25,76,100,9.08
88,Portland,US,2022-10-03 14:16:16,45.5234,-122.6762,58.69,92,100,4.0
89,Athabasca,CA,2022-10-03 14:21:05,54.7169,-113.2854,42.69,51,100,4.5
90,Bluff,NZ,2022-10-03 14:21:05,-46.6,168.3333,44.01,74,64,18.88
91,Bangkalan,ID,2022-10-03 14:21:06,-7.0455,112.7351,76.95,80,100,7.14
92,Carnarvon,AU,2022-10-03 14:22:06,-24.8667,113.6333,68.65,67,0,20.54
93,Weihai,CN,2022-10-03 14:22:07,37.5017,122.1136,59.05,92,100,30.04
94,Yingkou,CN,2022-10-03 14:22:07,40.6648,122.2283,47.37,62,100,24.23
95,Acapulco,MX,2022-10-03 14:19:36,16.8634,-99.8901,78.62,78,100,5.75
96,Isangel,VU,2022-10-03 14:22:09,-19.55,169.2667,74.75,80,98,5.73
97,Cornereva,RO,2022-10-03 14:22:09,45.0667,22.4167,52.39,74,76,12.55
98,Airai,TL,2022-10-03 14:22:10,-8.9266,125.4092,63.25,94,98,1.19
99,Saint-Georges,GD,2022-10-03 14:22:10,12.0564,-61.7485,87.48,74,40,11.5
100,Guiratinga,BR,2022-10-03 14:22:10,-16.3494,-53.7583,89.74,39,10,3.83
101,Kaitangata,NZ,2022-10-03 14:22:11,-46.2817,169.8464,35.65,88,1,6.85
102,Abeche,TD,2022-10-03 14:22:11,13.8292,20.8324,93.81,31,82,5.73
103,Itarema,BR,2022-10-03 14:22:12,-2.9248,-39.9167,88.52,50,56,16.2
104,Nanortalik,GL,2022-10-03 14:22:12,60.1432,-45.2371,36.91,68,100,1.7
105,Nokaneng,BW,2022-10-03 14:22:13,-19.6667,22.2667,100.17,6,0,8.66
106,Cleethorpes,GB,2022-10-03 14:22:13,53.5605,-0.0323,61.05,63,20,10.36
107,Ostersund,SE,2022-10-03 14:22:14,63.1792,14.6357,52.25,62,40,10.36
108,Kerkini,GR,2022-10-03 14:22:14,41.2167,23.0833,76.08,37,51,9.44
109,Qaanaaq,GL,2022-10-03 14:22:14,77.484,-69.3632,12.2,67,99,7.0
110,Coahuayana,MX,2022-10-03 14:22:15,18.7333,-103.6833,74.88,95,100,3.65
111,Port Hedland,AU,2022-10-03 14:22:15,-20.3167,118.5667,71.65,83,0,6.91
112,Narsaq,GL,2022-10-03 14:22:16,60.9167,-46.05,39.42,46,14,3.15
113,Kieta,PG,2022-10-03 14:22:16,-6.2167,155.6333,78.8,85,100,5.41
114,Najran,SA,2022-10-03 14:22:16,17.4924,44.1277,88.45,11,6,16.11
115,Kutum,SD,2022-10-03 14:22:17,14.2,24.6667,87.35,27,99,3.47
116,Hareid,NO,2022-10-03 14:22:18,62.3714,6.0263,54.3,86,100,10.0
117,Panguna,PG,2022-10-03 14:22:18,-6.3164,155.4848,68.2,96,100,2.08
118,Tamandare,BR,2022-10-03 14:22:18,-8.7597,-35.1047,82.11,54,5,10.04
119,Ardesen,TR,2022-10-03 14:22:19,41.1911,40.9875,66.83,86,80,4.45
120,Port Blair,IN,2022-10-03 14:22:19,11.6667,92.75,81.99,81,100,5.93
121,College,US,2022-10-03 14:18:22,64.8569,-147.8028,40.06,90,100,5.75
122,Beloha,MG,2022-10-03 14:22:20,-25.1667,45.05,78.33,52,0,10.85
123,Bud,US,2022-10-03 14:22:21,39.447,-86.1758,55.85,78,0,10.09
124,Dinguiraye,GN,2022-10-03 14:22:21,11.3,-10.7167,81.28,66,81,4.72
125,Merauke,ID,2022-10-03 14:22:21,-8.4667,140.3333,79.54,85,15,13.2
126,Castro,BR,2022-10-03 14:22:22,-24.7911,-50.0119,63.01,84,98,5.86
127,Florian,CO,2022-10-03 14:22:22,5.8049,-73.9703,71.73,58,47,3.56
128,Tiksi,RU,2022-10-03 14:22:23,71.6872,128.8694,20.64,93,98,10.07
129,Bahadurganj,IN,2022-10-03 14:22:23,26.2667,87.8167,78.44,87,100,9.48
130,Manggar,ID,2022-10-03 14:22:24,-2.8833,108.2667,79.81,80,100,2.59
131,Hobyo,SO,2022-10-03 14:22:24,5.3505,48.5268,78.51,75,47,26.15
132,Alyangula,AU,2022-10-03 14:22:25,-13.8483,136.4192,80.78,83,100,9.26
133,Barrow,US,2022-10-03 14:18:17,71.2906,-156.7887,24.82,86,100,16.11
134,Ketchikan,US,2022-10-03 14:22:25,55.3422,-131.6461,46.87,93,100,4.61
135,Faanui,PF,2022-10-03 14:22:26,-16.4833,-151.75,78.26,75,4,17.52
136,Bathsheba,BB,2022-10-03 14:22:26,13.2167,-59.5167,86.61,74,40,13.8
137,Kodiak,US,2022-10-03 14:22:27,57.79,-152.4072,36.91,87,0,3.44
138,Arraial Do Cabo,BR,2022-10-03 14:23:28,-22.9661,-42.0278,71.56,88,75,9.22
139,Woodstock,CA,2022-10-03 14:21:38,43.1334,-80.7497,53.42,64,16,1.01
140,Eureka,US,2022-10-03 14:21:09,40.8021,-124.1637,56.93,87,3,2.8
141,Yellowknife,CA,2022-10-03 14:21:17,62.456,-114.3525,34.32,93,40,6.91
142,Manzhouli,CN,2022-10-03 14:23:29,49.6,117.4333,25.68,34,0,6.58
143,Talnakh,RU,2022-10-03 14:23:29,69.4865,88.3972,33.21,96,100,15.26
144,Klaksvik,FO,2022-10-03 14:23:29,62.2266,-6.589,50.92,88,100,17.31
145,Nago,JP,2022-10-03 14:23:30,26.5881,127.9761,83.25,78,3,7.65
146,Dzaoudzi,YT,2022-10-03 14:23:30,-12.7887,45.2699,80.49,65,20,3.44
147,Oriximina,BR,2022-10-03 14:23:31,-1.7656,-55.8661,89.42,52,100,0.89
148,Korla,CN,2022-10-03 14:23:31,41.7597,86.1469,55.31,17,53,9.17
149,Namibe,AO,2022-10-03 14:23:32,-15.1961,12.1522,71.01,73,58,11.34
150,Saint-Philippe,RE,2022-10-03 14:23:32,-21.3585,55.7679,72.99,76,66,8.3
151,Encs,HU,2022-10-03 14:23:33,48.3333,21.1333,58.3,60,99,13.27
152,Palmer,US,2022-10-03 14:22:53,42.1584,-72.3287,49.77,70,75,13.8
153,Saskylakh,RU,2022-10-03 14:23:33,71.9167,114.0833,15.62,97,97,4.79
154,Preobrazheniye,RU,2022-10-03 14:23:34,42.9019,133.9064,59.52,91,100,6.02
155,Asekeyevo,RU,2022-10-03 14:23:34,53.5742,52.7972,57.51,37,16,13.4
156,Victoria,HK,2022-10-03 14:22:06,22.2855,114.1577,87.19,80,6,5.99
157,Laguna,US,2022-10-03 14:23:07,38.421,-121.4238,62.01,87,0,4.61
158,Ninotsminda,GE,2022-10-03 14:23:35,41.2646,43.5916,56.41,64,83,3.78
159,Atar,MR,2022-10-03 14:23:35,20.5169,-13.0499,95.72,27,100,3.56
160,Lulea,SE,2022-10-03 14:23:36,65.5842,22.1547,46.47,93,75,4.61
161,Chikola,RU,2022-10-03 14:23:36,43.1906,43.9209,54.45,95,99,2.17
162,Bekwai,GH,2022-10-03 14:23:36,6.4534,-1.5774,86.25,62,78,3.22
163,Severo-Kurilsk,RU,2022-10-03 14:23:38,50.6789,156.125,47.8,86,54,6.22
164,Nouadhibou,MR,2022-10-03 14:23:38,20.931,-17.0347,91.38,33,93,10.36
165,Nome,US,2022-10-03 14:23:38,64.5011,-165.4064,41.07,81,100,11.5
166,Chifeng,CN,2022-10-03 14:23:39,42.2683,118.9636,36.36,38,0,14.61
167,Cukai,MY,2022-10-03 14:23:39,4.25,103.4167,77.97,86,100,3.13
168,Betong,TH,2022-10-03 14:23:40,5.7743,101.0723,72.07,98,100,1.9
169,Atikokan,CA,2022-10-03 14:23:40,48.7555,-91.6216,56.46,70,80,7.92
170,Bourail,NC,2022-10-03 14:23:42,-21.5667,165.4833,67.68,79,100,7.9
171,Tripoli,LY,2022-10-03 14:23:42,32.8752,13.1875,78.94,62,78,13.13
172,Vardo,NO,2022-10-03 14:23:42,70.3705,31.1107,42.78,81,100,3.44
173,Manadhoo,MV,2022-10-03 14:23:43,5.7667,73.3833,81.48,78,50,20.67
174,North Bend,US,2022-10-03 14:23:42,43.4065,-124.2243,56.91,96,100,0.0
175,Ingham,US,2022-10-03 14:23:43,42.6,-84.3833,48.9,81,0,0.0
176,Coihaique,CL,2022-10-03 14:22:02,-45.5752,-72.0662,48.81,81,75,3.44
177,Bethel,US,2022-10-03 14:23:44,41.3712,-73.414,50.9,71,97,4.0
178,Marsa Matruh,EG,2022-10-03 14:23:44,31.3525,27.2453,82.6,47,0,13.8
179,Dieppe,FR,2022-10-03 14:21:33,49.75,1.1667,60.33,55,91,7.61
180,Mahebourg,MU,2022-10-03 14:23:45,-20.4081,57.7,73.26,78,75,13.8
181,Sao Filipe,CV,2022-10-03 14:23:45,14.8961,-24.4956,80.02,77,57,12.03
182,Fonte Boa,BR,2022-10-03 14:23:46,-2.4959,-66.2662,87.66,56,34,2.42
183,Longyearbyen,SJ,2022-10-03 14:23:46,78.2186,15.6401,39.04,75,75,5.75
184,Dingle,PH,2022-10-03 14:23:47,10.9995,122.6711,77.5,89,100,5.21
185,Saint-Pierre,RE,2022-10-03 14:23:47,-21.3393,55.4781,76.57,73,100,11.5
186,Tasiilaq,GL,2022-10-03 14:23:50,65.6145,-37.6368,35.76,99,100,6.44
187,Hargeysa,SO,2022-10-03 14:23:51,9.56,44.065,75.88,52,100,12.57
188,Saint Anthony,US,2022-10-03 14:24:51,45.0205,-93.218,61.09,74,100,12.66
189,Pevek,RU,2022-10-03 14:24:52,69.7008,170.3133,28.6,75,100,10.54
190,Ziarat,PK,2022-10-03 14:24:52,30.3823,67.7282,61.34,28,0,5.21
191,Namatanai,PG,2022-10-03 14:24:53,-3.6667,152.4333,79.18,79,22,7.81
192,Rock Sound,BS,2022-10-03 14:24:53,24.9,-76.2,82.08,69,8,12.46
193,Antofagasta,CL,2022-10-03 14:24:53,-23.65,-70.4,60.08,54,9,5.28
194,Komsomolskiy,UZ,2022-10-03 14:24:54,40.4272,71.7189,70.52,30,98,2.3
195,Aklavik,CA,2022-10-03 14:24:56,68.2191,-135.0107,20.77,96,95,2.33
196,Gat,IL,2022-10-03 14:20:55,31.61,34.7642,84.4,100,7,10.74
197,Umm Lajj,SA,2022-10-03 14:24:56,25.0213,37.2685,87.04,60,0,7.54
198,Codrington,AU,2022-10-03 14:24:57,-38.2667,141.9667,50.76,93,100,6.73
199,Quatre Cocos,MU,2022-10-03 14:24:58,-20.2078,57.7625,73.09,76,69,13.69
200,Ndele,CF,2022-10-03 14:24:59,8.4109,20.6473,82.13,78,72,4.23
201,Sitka,US,2022-10-03 14:25:00,57.0531,-135.33,44.49,87,0,4.61
202,Mazamari,PE,2022-10-03 14:25:00,-11.3258,-74.5308,81.28,64,23,1.88
203,Deputatskiy,RU,2022-10-03 14:25:01,69.3,139.9,13.59,94,100,5.17
204,Ewa Beach,US,2022-10-03 14:25:01,21.3156,-158.0072,77.09,86,0,5.75
205,Diffa,NE,2022-10-03 14:25:01,13.3154,12.6113,100.45,20,11,4.09
206,Brazzaville,CG,2022-10-03 14:25:02,-4.2658,15.2832,89.13,46,97,4.41
207,San Patricio,US,2022-10-03 14:25:03,28.017,-97.5169,75.83,59,100,4.56
208,Harper,LR,2022-10-03 14:25:03,4.375,-7.7169,79.27,82,81,9.24
209,Katsuura,JP,2022-10-03 14:25:04,35.1333,140.3,74.55,73,22,10.33
210,Fortuna,US,2022-10-03 14:25:04,40.5982,-124.1573,56.66,87,2,2.24
211,Torbay,CA,2022-10-03 14:25:05,47.6666,-52.7314,49.57,56,75,19.57
212,San Cristobal,VE,2022-10-03 14:24:01,7.7669,-72.225,78.98,53,11,5.32
213,Shorkot,PK,2022-10-03 14:25:07,31.9099,70.8774,93.4,21,0,7.74
214,Pingliang,CN,2022-10-03 14:25:08,35.5392,106.6861,51.39,74,100,7.94
215,Huarmey,PE,2022-10-03 14:25:08,-10.0681,-78.1522,64.94,79,28,7.85
216,Surt,LY,2022-10-03 14:25:09,31.2089,16.5887,78.84,62,1,14.27
217,Provideniya,RU,2022-10-03 14:25:10,64.3833,-173.3,35.4,83,63,9.13
218,Sobolevo,RU,2022-10-03 14:25:10,54.4299,31.8996,41.92,95,100,4.88
219,Pangody,RU,2022-10-03 14:25:10,65.85,74.4859,37.72,94,100,21.39
220,Yulara,AU,2022-10-03 14:25:11,-25.2406,130.9889,64.44,61,0,3.96
221,Ayan,RU,2022-10-03 14:25:11,56.45,138.1667,35.08,60,99,11.14
222,Timbiqui,CO,2022-10-03 14:25:12,2.7717,-77.6654,79.21,86,88,3.62
223,Cherskiy,RU,2022-10-03 14:25:13,68.75,161.3,25.72,78,100,8.25
224,Ereymentau,KZ,2022-10-03 14:25:13,51.6199,73.1033,37.09,52,0,7.7
225,Peleduy,RU,2022-10-03 14:25:14,59.6289,112.7406,29.64,84,99,3.11
226,Dunedin,NZ,2022-10-03 14:25:14,-45.8742,170.5036,39.45,80,0,6.04
227,Canmore,CA,2022-10-03 14:22:39,51.0834,-115.3521,52.39,99,14,1.14
228,Sao Joao Da Barra,BR,2022-10-03 14:21:59,-21.6403,-41.0511,75.29,81,100,8.61
229,Hasaki,JP,2022-10-03 14:25:15,35.7333,140.8333,68.29,71,7,10.74
230,Igrim,RU,2022-10-03 14:25:16,63.1906,64.4162,48.13,94,100,8.01
231,Itanhaem,BR,2022-10-03 14:25:16,-24.1831,-46.7889,67.75,88,99,3.04
232,Vila Velha,BR,2022-10-03 14:25:17,-20.3297,-40.2925,80.55,82,75,9.22
233,Aksarka,RU,2022-10-03 14:25:17,66.5606,67.7975,37.33,97,100,12.28
234,Bilibino,RU,2022-10-03 14:26:17,68.0546,166.4372,22.86,88,100,4.14
235,Poum,NC,2022-10-03 14:26:18,-20.2333,164.0167,73.29,74,40,25.64
236,Algiers,DZ,2022-10-03 14:26:18,36.7525,3.042,80.42,54,75,2.3
237,Sakaiminato,JP,2022-10-03 14:26:19,35.55,133.2333,75.18,69,75,9.22
238,Shimoda,JP,2022-10-03 14:26:19,34.6667,138.95,67.1,75,7,3.38
239,Nara,JP,2022-10-03 14:26:20,34.6851,135.8049,76.32,60,34,3.51
240,Sa Kaeo,TH,2022-10-03 14:26:20,13.75,102.3333,74.07,96,100,3.58
241,Mananjary,MG,2022-10-03 14:26:21,-21.2167,48.3333,74.39,71,0,14.23
242,Matara,LK,2022-10-03 14:26:22,5.9485,80.5353,78.75,83,65,14.47
243,Clyde River,CA,2022-10-03 14:26:23,70.4692,-68.5914,30.43,86,100,3.44
244,Qaqortoq,GL,2022-10-03 14:26:23,60.7167,-46.0333,37.67,53,40,3.83
245,Watertown,US,2022-10-03 14:21:53,42.3709,-71.1828,54.41,67,75,21.85
246,Muroto,JP,2022-10-03 14:26:24,33.2833,134.15,76.05,78,51,6.13
247,Tuktoyaktuk,CA,2022-10-03 14:26:24,69.4541,-133.0374,24.8,93,100,5.75
248,La Palma,US,2022-10-03 14:26:25,33.8464,-118.0467,67.51,87,20,0.0
249,Hofn,IS,2022-10-03 14:26:25,64.2539,-15.2082,48.43,93,100,4.56
250,Sur,OM,2022-10-03 14:26:26,22.5667,59.5289,82.72,65,0,11.43
251,Nikolskoye,RU,2022-10-03 14:26:26,59.7035,30.7861,44.49,92,100,18.25
252,Vrangel,RU,2022-10-03 14:26:27,42.7297,133.0839,60.3,92,100,6.67
253,Thai Binh,VN,2022-10-03 14:26:27,20.45,106.3333,78.71,87,23,5.61
254,La Uvita,CO,2022-10-03 14:26:27,6.3168,-72.5603,64.9,55,57,3.38
255,Lebu,CL,2022-10-03 14:26:28,-37.6167,-73.65,54.36,65,100,5.82
256,Te Anau,NZ,2022-10-03 14:26:28,-45.4167,167.7167,34.3,90,5,0.4
257,Talas,TR,2022-10-03 14:26:29,38.6908,35.5538,72.27,43,40,2.3
258,Buala,SB,2022-10-03 14:26:29,-8.145,159.5921,79.9,82,58,3.58
259,Tainan,TW,2022-10-03 14:26:00,22.9908,120.2133,82.87,83,75,0.0
260,Marsabit,KE,2022-10-03 14:26:30,2.3284,37.9899,78.84,34,80,17.05
261,Dhidhdhoo,MV,2022-10-03 14:26:30,6.8833,73.1,81.81,78,93,20.11
262,Souillac,MU,2022-10-03 14:26:31,-20.5167,57.5167,71.98,78,75,13.8
263,Vao,NC,2022-10-03 14:26:31,-22.6667,167.4833,69.24,69,100,15.77
264,Mayo,US,2022-10-03 14:26:31,38.8876,-76.5119,52.11,82,100,7.0
265,Saint-Louis,SN,2022-10-03 14:26:32,16.3333,-15.0,94.44,38,94,8.08
266,Ambilobe,MG,2022-10-03 14:26:32,-13.2,49.05,79.57,49,18,5.64
267,Flinders,AU,2022-10-03 14:26:33,-34.5833,150.8552,58.37,78,92,1.99
268,Ishigaki,JP,2022-10-03 14:26:33,24.3448,124.1572,80.73,78,3,6.91
269,Ezerelis,LT,2022-10-03 14:26:34,54.8833,23.6167,48.74,67,100,21.21
270,Mogadishu,SO,2022-10-03 14:26:34,2.0371,45.3438,78.13,78,57,15.93
271,Porto Walter,BR,2022-10-03 14:26:35,-8.2686,-72.7439,87.28,52,100,1.92
272,Gallup,US,2022-10-03 14:26:36,35.5281,-108.7426,54.36,93,100,8.05
273,Panama City,PA,2022-10-03 14:26:36,8.9936,-79.5197,86.16,74,20,9.22
274,Orocue,CO,2022-10-03 14:26:37,4.7912,-71.3354,84.13,67,30,1.01
275,Cockburn Town,TC,2022-10-03 14:26:37,21.4612,-71.1419,82.99,72,100,5.88
276,Wajima,JP,2022-10-03 14:26:37,37.4,136.9,73.58,68,99,9.22
277,Sola,VU,2022-10-03 14:26:38,-13.8833,167.55,79.54,77,72,8.79
278,Port Lincoln,AU,2022-10-03 14:26:38,-34.7333,135.8667,58.42,86,100,16.24
279,Strelna,RU,2022-10-03 14:26:39,59.8483,30.0261,44.65,81,100,15.66
280,Parlakimidi,IN,2022-10-03 14:26:39,18.7667,84.0833,80.08,88,100,3.38
281,Krishnagiri,IN,2022-10-03 14:27:40,12.5333,78.2333,77.68,66,100,4.12
282,Magadan,RU,2022-10-03 14:27:40,59.5667,150.8,30.52,71,93,10.51
283,Agadez,NE,2022-10-03 14:27:41,19.75,10.25,101.44,8,0,7.05
284,Kunming,CN,2022-10-03 14:27:41,25.0389,102.7183,64.33,82,40,11.18
285,Mokhsogollokh,RU,2022-10-03 14:27:41,61.4681,128.9203,23.45,73,76,4.99
286,Kavieng,PG,2022-10-03 14:27:42,-2.5744,150.7967,82.47,73,99,14.2
287,Yarmouth,US,2022-10-03 14:27:42,41.7057,-70.2286,55.54,68,75,20.71
288,San Andres,CO,2022-10-03 14:24:22,12.5847,-81.7006,84.22,79,75,2.3
289,Antigonish,CA,2022-10-03 14:27:43,45.6169,-61.9986,53.82,64,8,4.0
290,Fairbanks,US,2022-10-03 14:27:19,64.8378,-147.7164,40.08,90,100,5.75
291,Tambura,SS,2022-10-03 14:27:44,5.6,27.4667,80.44,72,77,4.92
292,Vostok,RU,2022-10-03 14:27:44,46.4856,135.8833,42.53,98,100,6.98
293,Amboasary,MG,2022-10-03 14:27:45,-25.0333,46.3833,84.47,42,0,11.34
294,Yaan,NG,2022-10-03 14:27:45,7.3833,8.5667,79.68,75,92,4.14
295,Ponta Do Sol,PT,2022-10-03 14:27:47,32.6667,-17.1,79.0,80,100,1.63
296,Dobson,US,2022-10-03 14:27:47,36.3957,-80.7226,62.6,70,75,4.61
297,Omboue,GA,2022-10-03 14:27:48,-1.5746,9.2618,80.76,72,99,9.78
298,Setermoen,NO,2022-10-03 14:27:48,68.861,18.3486,50.43,92,100,5.48
299,Luderitz,NA,2022-10-03 14:27:48,-26.6481,15.1594,69.4,53,0,29.17
300,Kununurra,AU,2022-10-03 14:27:49,-15.7667,128.7333,78.78,61,43,9.22
301,Redencao,BR,2022-10-03 14:27:49,-4.2258,-38.7306,92.25,33,37,9.31
302,Lagoa,PT,2022-10-03 14:27:50,39.05,-27.9833,69.94,84,96,5.06
303,Iqaluit,CA,2022-10-03 14:27:50,63.7506,-68.5145,33.53,80,100,17.27
304,Burnie,AU,2022-10-03 14:27:50,-41.0667,145.9167,49.91,73,70,8.61
305,Agadir,MA,2022-10-03 14:27:51,30.4202,-9.5982,97.25,28,0,6.24
306,Chibombo,ZM,2022-10-03 14:27:51,-14.6569,28.0706,90.0,14,0,10.67
307,Mnogovershinnyy,RU,2022-10-03 14:27:52,53.9353,139.9242,34.16,98,100,2.64
308,Neryungri,RU,2022-10-03 14:24:15,56.6709,124.6491,20.88,94,97,5.91
309,Pochutla,MX,2022-10-03 14:27:52,15.7432,-96.4661,79.83,72,71,2.35
310,Dawlatabad,AF,2022-10-03 14:27:53,36.4141,64.9053,69.49,20,0,7.92
311,Byron Bay,AU,2022-10-03 14:27:53,-28.65,153.6167,51.94,76,74,1.45
312,Aripuana,BR,2022-10-03 14:27:54,-9.1667,-60.6333,81.23,66,98,2.59
313,Guerrero Negro,MX,2022-10-03 14:27:54,27.9769,-114.0611,69.1,77,100,13.0
314,Barhi,IN,2022-10-03 14:27:55,23.9,80.8,80.8,64,100,3.85
315,Zmeinogorsk,RU,2022-10-03 14:27:55,51.1567,82.195,31.71,86,0,6.13
316,Bonthe,SL,2022-10-03 14:27:56,7.5264,-12.505,82.38,73,94,10.56
317,Yar-Sale,RU,2022-10-03 14:27:56,66.8333,70.8333,38.23,95,100,15.35
318,Avallon,FR,2022-10-03 14:27:56,47.4833,3.9,65.25,53,8,8.03
319,Arlit,NE,2022-10-03 14:27:57,18.7369,7.3853,105.78,7,0,7.31
320,Smolenka,RU,2022-10-03 14:27:57,52.1352,113.4974,30.27,64,25,6.71
321,Alice Springs,AU,2022-10-03 14:23:21,-23.7,133.8833,69.35,73,75,0.0
322,Sagua La Grande,CU,2022-10-03 14:27:58,22.8067,-80.0756,77.99,59,6,7.87
323,Hudson Bay,CA,2022-10-03 14:27:59,52.85,-102.3842,51.98,79,41,4.32
324,Barra Patuca,HN,2022-10-03 14:27:59,15.8,-84.2833,79.84,82,99,8.66
325,Shwebo,MM,2022-10-03 14:27:59,22.5667,95.7,78.22,90,99,5.19
326,Inta,RU,2022-10-03 14:29:00,66.0317,60.1659,39.43,94,98,7.65
327,Aiken,US,2022-10-03 14:29:00,33.5835,-81.5998,62.33,78,100,10.36
328,Penzance,GB,2022-10-03 14:29:01,50.1186,-5.5371,63.77,82,40,11.5
329,High Level,CA,2022-10-03 14:29:02,58.5169,-117.136,30.31,100,40,0.0
330,Lincoln,US,2022-10-03 14:29:02,40.8,-96.667,65.12,56,0,5.01
331,Fez,MA,2022-10-03 14:29:02,34.0372,-4.9998,89.85,16,4,9.22
332,Luena,AO,2022-10-03 14:29:03,-11.7833,19.9167,94.91,12,99,7.83
333,Puerto Baquerizo Moreno,EC,2022-10-03 14:29:03,-0.9,-89.6,63.59,100,100,10.36
334,Bonavista,CA,2022-10-03 14:26:23,48.6499,-53.1147,45.54,57,25,16.69
335,Sechelt,CA,2022-10-03 14:29:04,49.4664,-123.7694,62.55,71,89,2.64
336,Irtyshskiy,RU,2022-10-03 14:29:05,58.3333,68.1333,47.53,52,100,14.47
337,Nakamura,JP,2022-10-03 14:29:05,32.9833,132.9333,69.67,96,41,1.95
338,Leh,IN,2022-10-03 14:29:06,34.1667,77.5833,51.98,23,2,5.88
339,Lavrentiya,RU,2022-10-03 14:29:06,65.5833,-171.0,35.01,77,11,6.6
340,Palauig,PH,2022-10-03 14:29:07,15.435,119.9045,81.95,75,98,4.63
341,Faya,SA,2022-10-03 14:29:07,18.3851,42.4509,69.91,63,99,7.16
342,Thinadhoo,MV,2022-10-03 14:29:08,0.5333,72.9333,82.83,71,100,14.92
343,Opunake,NZ,2022-10-03 14:29:08,-39.4556,173.8583,51.85,77,84,15.97
344,Srednekolymsk,RU,2022-10-03 14:29:09,67.45,153.6833,25.11,73,94,4.41
345,Khandyga,RU,2022-10-03 14:29:09,62.6667,135.6,21.58,69,17,2.62
346,Yenagoa,NG,2022-10-03 14:29:10,4.9247,6.2642,83.86,68,99,5.39
347,Zvishavane,ZW,2022-10-03 14:29:10,-20.3267,30.0665,94.5,11,0,12.84
348,Juye,CN,2022-10-03 14:29:10,35.3947,116.0883,63.99,83,100,19.04
349,Padre Bernardo,BR,2022-10-03 14:29:11,-15.35,-48.5,88.56,35,97,8.32
350,Campbeltown,GB,2022-10-03 14:29:11,55.4258,-5.6076,57.25,88,75,32.21
351,Bima,ID,2022-10-03 14:29:12,-8.4667,118.7167,78.22,88,100,3.6
352,Karaman,TR,2022-10-03 14:29:12,37.0833,33.25,69.87,40,0,6.62
353,San Ramon,US,2022-10-03 14:29:13,37.7799,-121.978,58.33,90,0,3.44
354,Egvekinot,RU,2022-10-03 14:29:13,66.3167,-179.1667,21.31,86,18,9.08
355,Mandalgovi,MN,2022-10-03 14:29:13,45.7625,106.2708,26.55,29,0,1.81
356,Kavaratti,IN,2022-10-03 14:29:14,10.5669,72.642,81.72,77,100,18.92
357,Bonfim,BR,2022-10-03 14:29:14,3.0833,-59.95,84.18,66,66,1.59
358,San-Pedro,CI,2022-10-03 14:29:15,4.7485,-6.6363,80.2,79,56,7.45
359,Waingapu,ID,2022-10-03 14:29:15,-9.6567,120.2641,81.77,74,57,0.65
360,Wadi Maliz,TN,2022-10-03 14:29:16,36.4681,8.5495,85.66,21,34,8.75
361,Oranjemund,NA,2022-10-03 14:29:16,-28.55,16.4333,63.16,73,0,18.7
362,Zerbst,DE,2022-10-03 14:29:16,51.9667,12.0833,62.28,72,100,12.03
363,Norrtalje,SE,2022-10-03 14:29:17,59.758,18.705,58.01,67,47,6.71
364,Goulburn,AU,2022-10-03 14:29:17,-34.75,149.7167,44.94,94,100,4.05
365,Senanga,ZM,2022-10-03 14:29:18,-16.1167,23.2667,100.87,5,0,8.39
366,La Peca,PE,2022-10-03 14:29:18,-5.6111,-78.435,75.87,60,84,2.04
367,Svetlogorsk,BY,2022-10-03 14:29:19,52.6333,29.7333,40.01,96,100,16.96
368,Vanimo,PG,2022-10-03 14:29:19,-2.6741,141.3028,80.2,83,67,6.29
369,Wiang Sa,TH,2022-10-03 14:29:20,8.6359,99.3666,81.86,92,100,2.71
370,Suntar,RU,2022-10-03 14:29:20,62.1444,117.6319,29.46,92,100,4.76
371,Tonj,SS,2022-10-03 14:29:21,7.2737,28.6822,81.68,78,99,5.32
372,Okhotsk,RU,2022-10-03 14:29:21,59.3833,143.3,35.44,71,100,5.97
373,Itarantim,BR,2022-10-03 14:30:22,-15.6597,-40.0656,83.64,51,95,8.32
374,Kaduy,RU,2022-10-03 14:30:22,59.2,37.15,52.5,96,100,14.36
375,Mount Isa,AU,2022-10-03 14:30:23,-20.7333,139.5,67.77,56,42,0.0
376,Katangli,RU,2022-10-03 14:30:23,51.7102,143.2326,42.8,93,100,20.09
377,Pacific Grove,US,2022-10-03 14:30:24,36.6177,-121.9166,56.88,94,0,4.61
378,Viet Tri,VN,2022-10-03 14:30:24,21.3019,105.4308,80.55,91,7,2.1
379,Podgorica,ME,2022-10-03 14:30:25,42.4411,19.2636,76.5,29,20,17.27
380,East London,ZA,2022-10-03 14:30:25,-33.0153,27.9116,67.14,72,0,18.41
381,Upata,VE,2022-10-03 14:30:26,8.0086,-62.3989,80.19,60,78,3.04
382,Flin Flon,CA,2022-10-03 14:30:26,54.7682,-101.865,49.84,62,75,8.05
383,Tshikapa,CD,2022-10-03 14:30:27,-6.4167,20.8,85.53,53,23,5.26
384,Sangar,RU,2022-10-03 14:30:27,63.9242,127.4739,19.02,86,83,4.61
385,Hoa Binh,VN,2022-10-03 14:30:28,20.8133,105.3383,75.16,95,19,1.9
386,Camacha,PT,2022-10-03 14:30:28,33.0833,-16.3333,71.02,68,40,5.75
387,Yerkoy,TR,2022-10-03 14:30:29,39.6381,34.4672,71.8,33,1,6.89
388,The Valley,AI,2022-10-03 14:27:34,18.217,-63.0578,87.1,79,40,13.8
389,Cochrane,CA,2022-10-03 14:30:06,51.1834,-114.4687,50.61,85,40,3.44
390,Yumen,CN,2022-10-03 14:30:29,40.2833,97.2,45.46,27,0,14.09
391,Pamanukan,ID,2022-10-03 14:30:30,-6.2842,107.8106,81.16,74,80,1.41
392,Ulladulla,AU,2022-10-03 14:30:30,-35.35,150.4667,52.74,87,92,3.85
393,Les Cayes,HT,2022-10-03 14:30:31,18.2,-73.75,84.79,72,67,9.44
394,Vila Franca Do Campo,PT,2022-10-03 14:30:31,37.7167,-25.4333,75.61,79,17,11.56
395,Geraldton,AU,2022-10-03 14:30:32,-28.7667,114.6,55.81,88,0,3.44
396,Gannan,CN,2022-10-03 14:30:32,47.9147,123.5031,36.12,33,83,11.86
397,Jertih,MY,2022-10-03 14:30:33,5.7336,102.4897,76.19,91,100,3.06
398,Caborca,MX,2022-10-03 14:30:35,30.5838,-111.101,76.41,48,0,2.15
399,Atasu,KZ,2022-10-03 14:30:35,48.6814,71.6433,42.85,24,0,16.22
400,Hope,US,2022-10-03 14:30:36,33.6671,-93.5916,62.98,41,0,7.85
401,Pechenga,RU,2022-10-03 14:30:36,69.5259,31.1703,39.52,80,27,4.43
402,Palasa,IN,2022-10-03 14:30:37,18.7667,84.4167,79.72,88,100,7.65
403,Tonantins,BR,2022-10-03 14:30:37,-2.8731,-67.8022,91.2,52,68,2.1
404,Kloulklubed,PW,2022-10-03 14:30:38,7.0419,134.2556,79.3,76,100,15.57
405,Bemidji,US,2022-10-03 14:28:57,47.4736,-94.8803,58.55,76,40,10.36
406,Xining,CN,2022-10-03 14:30:38,36.6167,101.7667,43.14,50,91,3.47
407,Nowy Targ,PL,2022-10-03 14:30:39,49.4778,20.0323,49.44,99,100,12.39
408,Kashan,IR,2022-10-03 14:30:39,33.9831,51.4364,81.77,22,7,0.78
409,Ende,ID,2022-10-03 14:30:39,-8.8432,121.6623,78.53,87,74,0.63
410,Entre Rios,BR,2022-10-03 14:30:40,-11.9419,-38.0844,88.48,35,20,8.25
411,Chunan,CN,2022-10-03 14:30:41,24.5277,110.548,77.9,77,7,3.85
412,Buraydah,SA,2022-10-03 14:30:41,26.326,43.975,99.05,10,2,12.21
413,Vitim,RU,2022-10-03 14:30:42,59.4511,112.5578,29.16,88,98,3.15
414,Olavarria,AR,2022-10-03 14:30:42,-36.8927,-60.3225,66.83,26,56,11.86
415,Luau,AO,2022-10-03 14:30:42,-10.7073,22.2247,93.34,18,90,3.38
416,Jodhpur,IN,2022-10-03 14:26:57,26.2867,73.03,86.88,35,0,7.02
417,Norman Wells,CA,2022-10-03 14:30:43,65.282,-126.8329,30.24,100,100,0.0
418,Bajos De Haina,DO,2022-10-03 14:31:43,18.4154,-70.0332,87.33,89,40,0.0
419,Cocorit,MX,2022-10-03 14:31:44,27.5833,-109.9667,66.54,49,0,1.74
420,Kaeo,NZ,2022-10-03 14:31:44,-35.1,173.7833,51.33,91,14,4.97
421,Udomlya,RU,2022-10-03 14:31:45,57.8794,34.9925,51.53,88,100,9.4
422,Arinos,BR,2022-10-03 14:31:45,-15.9169,-46.1056,92.19,32,74,8.01
423,Moncton,CA,2022-10-03 14:31:46,46.1159,-64.8019,48.33,65,20,8.05
424,Griffith,US,2022-10-03 14:31:46,41.5284,-87.4237,59.9,75,0,0.0
425,Constitucion,CL,2022-10-03 14:31:46,-35.3333,-72.4167,56.25,67,100,6.46
426,Turukhansk,RU,2022-10-03 14:31:47,65.8167,87.9833,29.98,78,85,13.53
427,Presidencia Roque Saenz Pena,AR,2022-10-03 14:31:47,-26.7852,-60.4388,81.46,20,0,8.32
428,Bulalacao,PH,2022-10-03 14:31:48,12.3254,121.3435,81.5,78,99,12.91
429,Takoradi,GH,2022-10-03 14:31:48,4.8845,-1.7554,80.94,75,37,7.49
430,Dalvik,IS,2022-10-03 14:31:49,65.9702,-18.5286,53.53,65,76,2.98
431,Mana,GF,2022-10-03 14:31:49,5.6592,-53.7767,87.49,58,100,5.19
432,Middle Island,US,2022-10-03 14:31:50,40.8843,-72.9373,52.95,76,100,17.27
433,Laiwu,CN,2022-10-03 14:31:50,36.1928,117.6569,53.8,84,100,23.33
434,Tateyama,JP,2022-10-03 14:31:50,34.9833,139.8667,75.85,70,24,10.63
435,Bubaque,GW,2022-10-03 14:31:51,11.2833,-15.8333,82.18,71,67,0.92
436,Szprotawa,PL,2022-10-03 14:31:51,51.5656,15.5366,57.33,66,95,13.04
437,Nkayi,CG,2022-10-03 14:31:52,-4.1841,13.2884,86.86,50,93,6.44
438,Lubango,AO,2022-10-03 14:31:52,-14.9172,13.4925,79.07,29,95,8.84
439,Isla Mujeres,MX,2022-10-03 14:31:53,21.2311,-86.731,80.65,62,50,7.02
440,Bac Lieu,VN,2022-10-03 14:30:02,9.285,105.7244,79.48,87,100,9.57
441,Sarakhs,IR,2022-10-03 14:31:53,36.5449,61.1577,71.82,20,0,9.15
442,Rawson,AR,2022-10-03 14:31:54,-43.3002,-65.1023,56.66,54,100,26.62
443,Sitrah,BH,2022-10-03 14:31:54,26.1547,50.6206,89.82,66,1,9.22
444,Ritchie,ZA,2022-10-03 14:31:55,-29.038,24.6028,96.01,8,5,25.28
445,Charters Towers,AU,2022-10-03 14:31:55,-20.1,146.2667,69.13,83,79,15.52
446,Balabac,PH,2022-10-03 14:31:56,7.9868,117.0645,82.27,81,99,11.61
447,Ponta Delgada,PT,2022-10-03 14:31:57,37.7333,-25.6667,75.92,78,20,12.66
448,Podyuga,RU,2022-10-03 14:31:58,61.095,40.8647,45.7,96,100,12.24
449,Esperance,AU,2022-10-03 14:31:59,-33.8667,121.9,55.38,88,100,16.35
450,Ostrovnoy,RU,2022-10-03 14:31:59,68.0531,39.5131,43.09,92,99,12.64
451,Misratah,LY,2022-10-03 14:32:00,32.3754,15.0925,78.85,64,32,18.52
452,Bengkulu,ID,2022-10-03 14:32:00,-3.8004,102.2655,77.74,87,100,1.05
453,Broken Hill,AU,2022-10-03 14:32:00,-31.95,141.4333,66.94,35,98,15.28
454,Garowe,SO,2022-10-03 14:32:01,8.4054,48.4845,89.69,32,45,6.98
455,Taonan,CN,2022-10-03 14:32:01,45.3333,122.7833,39.56,31,0,16.69
456,Usinsk,RU,2022-10-03 14:32:02,65.9939,57.5281,41.86,76,66,9.48
457,Svatove,UA,2022-10-03 14:32:02,49.4103,38.1503,56.52,60,98,12.77
458,Poopo,BO,2022-10-03 14:32:03,-18.3667,-66.9667,52.57,31,42,10.04
459,Trincomalee,LK,2022-10-03 14:32:03,8.5711,81.2335,82.02,73,95,17.81
460,Nalut,LY,2022-10-03 14:32:04,30.3333,10.85,87.85,16,75,15.73
461,Cidreira,BR,2022-10-03 14:32:04,-30.1811,-50.2056,66.2,62,1,11.25
462,Genhe,CN,2022-10-03 14:32:05,50.7833,121.5167,20.77,61,8,3.69
463,Whitehorse,CA,2022-10-03 14:31:29,60.7161,-135.0538,39.97,80,40,16.11
464,Severnyy,RU,2022-10-03 14:33:05,50.677,36.5532,55.44,71,0,8.95
465,Abomsa,ET,2022-10-03 14:33:06,9.9833,39.9833,72.68,61,98,4.81
466,Karlstad,SE,2022-10-03 14:33:06,59.3793,13.5036,52.36,76,0,5.75
467,Hualmay,PE,2022-10-03 14:33:07,-11.0964,-77.6139,65.12,77,56,9.51
468,Alberton,CA,2022-10-03 14:33:07,46.8168,-64.0654,49.91,49,0,9.37
469,Barabai,ID,2022-10-03 14:33:07,-2.5833,115.3833,75.22,95,100,1.12
470,Hua Hin,TH,2022-10-03 14:33:08,12.5707,99.9588,82.89,99,100,1.92
471,San Carlos De Bariloche,AR,2022-10-03 14:33:08,-41.1456,-71.3082,53.24,50,75,4.61
472,Mvangue,CM,2022-10-03 14:33:09,2.9667,11.5167,78.91,63,93,5.06
473,Surgut,RU,2022-10-03 14:33:09,61.25,73.4167,44.78,60,20,13.42
474,Esso,RU,2022-10-03 14:33:10,55.9333,158.7,35.85,98,100,2.06
475,Kitimat,CA,2022-10-03 14:33:10,54.0524,-128.6534,50.38,27,33,3.02
476,Chicama,PE,2022-10-03 14:33:11,-7.8447,-79.1469,57.74,64,61,7.54
477,Villaviciosa De Odon,ES,2022-10-03 14:33:11,40.3569,-3.9001,83.97,19,0,3.44
478,Eyl,SO,2022-10-03 14:33:12,7.9803,49.8164,78.33,76,40,16.13
479,Kangaatsiaq,GL,2022-10-03 14:33:12,68.3065,-53.4641,31.95,82,49,6.96
480,Nogent-Le-Rotrou,FR,2022-10-03 14:33:13,48.3333,1.0,65.46,47,16,7.27
481,Moroni,KM,2022-10-03 14:33:13,-11.7022,43.2551,74.91,75,78,3.67
482,Nova Granada,BR,2022-10-03 14:33:14,-20.5339,-49.3142,86.25,32,5,9.24
483,Manicore,BR,2022-10-03 14:33:15,-5.8092,-61.3003,85.95,74,0,4.61
484,Viedma,AR,2022-10-03 14:33:15,-40.8135,-62.9967,62.08,39,100,23.49
485,Seoul,KR,2022-10-03 14:33:00,37.5683,126.9778,74.8,94,100,12.66
486,Hamilton,US,2022-10-03 14:30:26,39.1834,-84.5333,56.98,78,0,8.05
487,Hailar,CN,2022-10-03 14:33:16,49.2,119.7,24.94,36,5,8.23
488,Iki-Burul,RU,2022-10-03 14:33:17,45.8208,44.6472,62.74,57,81,3.13
489,Tual,ID,2022-10-03 14:33:17,-5.6667,132.75,83.21,74,23,5.14
490,Oktyabrskiy,RU,2022-10-03 14:33:18,54.4815,53.471,55.65,41,10,12.01
491,George,ZA,2022-10-03 14:33:18,-33.963,22.4617,62.15,72,40,12.66
492,Itoman,JP,2022-10-03 14:33:19,26.1247,127.6694,83.17,75,20,8.05
493,Miranda De Ebro,ES,2022-10-03 14:33:19,42.6865,-2.947,81.82,24,80,6.62
494,Labuhan,ID,2022-10-03 14:33:20,-6.8844,112.2051,78.17,86,100,11.32
495,Batsfjord,NO,2022-10-03 14:33:20,70.6345,29.7185,42.73,87,75,1.14
496,Kerman,IR,2022-10-03 14:33:21,30.2832,57.0788,78.66,17,75,4.61
497,Kenai,US,2022-10-03 14:33:21,60.5544,-151.2583,44.15,98,100,4.61
498,Palmerston,AU,2022-10-03 14:33:21,-12.486,130.9833,82.38,84,40,5.75
499,Kibala,TD,2022-10-03 14:33:23,9.1104,18.3463,82.6,80,100,1.7
500,Zhob,PK,2022-10-03 14:33:24,31.3411,69.4481,77.61,15,0,10.83
501,Unguia,CO,2022-10-03 14:33:24,8.0434,-77.0945,86.02,67,13,3.65
502,Jurmala,LV,2022-10-03 14:33:25,56.968,23.7704,53.62,66,75,23.02
503,Northam,GB,2022-10-03 14:33:26,51.0333,-4.2167,67.6,66,100,7.7
504,Orchard Homes,US,2022-10-03 14:33:26,46.8633,-114.0484,49.59,96,20,0.0
505,Dasoguz,TM,2022-10-03 14:33:26,41.8363,59.9666,60.75,25,0,9.22
506,Auki,SB,2022-10-03 14:33:27,-8.7676,160.7034,76.84,88,80,4.12
507,Yichun,CN,2022-10-03 14:29:15,47.7,128.9,28.36,95,82,3.78
508,Lorengau,PG,2022-10-03 14:33:27,-2.0226,147.2712,81.88,75,79,7.02
509,Gravdal,NO,2022-10-03 14:34:29,68.1214,13.5031,51.69,82,40,12.66
510,Juneau,US,2022-10-03 14:31:15,58.3019,-134.4197,43.21,100,100,3.44
511,Kirovskiy,RU,2022-10-03 14:34:30,45.0917,133.5136,36.99,96,100,12.48
512,Sile,TR,2022-10-03 14:34:30,41.1754,29.6133,74.07,56,70,1.99
513,Shahr-E Babak,IR,2022-10-03 14:34:32,30.1165,55.1186,66.13,43,14,26.66
514,Pisco,PE,2022-10-03 14:34:33,-13.7,-76.2167,63.01,77,100,2.3
515,Rapallo,IT,2022-10-03 14:34:34,44.3511,9.2297,80.33,76,62,4.0
516,Kenitra,MA,2022-10-03 14:33:41,34.261,-6.5802,84.96,45,0,9.73
517,Ugoofaaru,MV,2022-10-03 14:34:34,5.6667,73.0,81.97,78,68,18.88
518,Husavik,IS,2022-10-03 14:34:35,66.0449,-17.3389,49.33,74,52,5.59
519,Megion,RU,2022-10-03 14:34:35,61.0296,76.1136,42.82,62,99,15.84
520,Yarada,IN,2022-10-03 14:34:36,17.65,83.2667,82.38,81,100,4.52
521,Tabou,CI,2022-10-03 14:34:36,4.423,-7.3528,79.05,82,60,8.39
522,Sergeyevka,KZ,2022-10-03 14:34:37,53.88,67.4158,41.52,37,14,4.61
523,Havre-Saint-Pierre,CA,2022-10-03 14:34:37,50.2334,-63.5986,44.96,57,100,11.5
524,Jumla,NP,2022-10-03 14:34:37,29.2747,82.1838,55.96,90,4,3.6
525,Thomaston,US,2022-10-03 14:34:38,32.8882,-84.3266,64.18,69,0,5.01
526,Waitati,NZ,2022-10-03 14:34:38,-45.75,170.5667,37.65,82,0,3.96
527,Gdov,RU,2022-10-03 14:34:39,58.7406,27.8122,44.19,89,100,27.85
528,Granard,IE,2022-10-03 14:34:39,53.7667,-7.5,60.33,81,100,17.4
529,Necochea,AR,2022-10-03 14:30:08,-38.5473,-58.7368,60.24,44,9,14.52
530,Warwick,US,2022-10-03 14:34:40,41.7001,-71.4162,55.02,65,100,16.11
531,Kuala Terengganu,MY,2022-10-03 14:34:40,5.3302,103.1408,79.0,83,100,4.34
532,San Jeronimo,PE,2022-10-03 14:34:41,-11.9472,-75.2829,58.05,49,20,1.97
533,Karratha,AU,2022-10-03 14:34:41,-20.7377,116.8463,73.31,61,0,17.31
534,Dvurechensk,RU,2022-10-03 14:34:42,56.5982,61.0953,55.49,81,100,5.7
535,Sioux Lookout,CA,2022-10-03 14:34:42,50.1001,-91.917,55.47,88,75,4.61
536,Bijie,CN,2022-10-03 14:34:43,27.3125,105.2942,63.25,94,62,5.14
537,Waipawa,NZ,2022-10-03 14:34:43,-41.4122,175.5153,40.01,79,13,6.26
538,Chiang Klang,TH,2022-10-03 14:34:44,19.2938,100.8617,72.86,99,39,1.61
539,Laibin,CN,2022-10-03 14:34:44,23.7,109.2667,81.25,71,9,3.69
540,Gracac,HR,2022-10-03 14:34:45,44.3006,15.8547,69.55,58,0,8.12
541,Barahona,DO,2022-10-03 14:34:45,18.2085,-71.1008,85.82,84,40,5.75
542,Mae Sai,TH,2022-10-03 14:34:46,20.4335,99.8762,70.7,98,68,1.88
543,Ahipara,NZ,2022-10-03 14:34:46,-35.1667,173.1667,54.91,75,87,10.78
544,Hovd,MN,2022-10-03 14:34:47,48.0056,91.6419,27.07,31,0,1.92
545,Jamame,SO,2022-10-03 14:34:47,0.0722,42.7506,76.71,74,66,11.5
546,Nouakchott,MR,2022-10-03 14:34:51,18.0858,-15.9785,96.73,52,67,7.67
547,Berlevag,NO,2022-10-03 14:34:51,70.8578,29.0864,42.75,87,40,5.75
548,Grimshaw,CA,2022-10-03 14:30:18,56.1834,-117.6027,42.15,86,20,3.44
549,La Rioja,ES,2022-10-03 14:32:54,42.25,-2.5,74.98,26,27,5.39
550,Contai,IN,2022-10-03 14:34:52,21.7786,87.7536,80.06,87,95,10.69
551,Timizart,DZ,2022-10-03 14:34:53,36.8,4.2667,84.47,37,100,3.91
552,Rio Branco,BR,2022-10-03 14:34:53,-9.9747,-67.81,88.41,58,0,4.61
553,Along,IN,2022-10-03 14:34:54,28.1667,94.7667,72.05,93,82,1.23
554,Atyrau,KZ,2022-10-03 14:30:01,47.1167,51.8833,66.22,16,0,15.66
555,Gorontalo,ID,2022-10-03 14:34:54,0.5412,123.0595,75.29,94,80,2.8
556,Dawei,MM,2022-10-03 14:35:55,14.0833,98.2,75.34,95,100,4.52
557,Boca Do Acre,BR,2022-10-03 14:35:55,-8.7522,-67.3978,87.85,52,96,3.38
558,Foumbot,CM,2022-10-03 14:35:56,5.5079,10.6356,76.28,73,98,1.12
559,Nerchinskiy Zavod,RU,2022-10-03 14:35:56,51.3088,119.61,21.45,52,8,4.36
560,Hami,CN,2022-10-03 14:35:56,42.8,93.45,53.49,11,0,8.34
561,Semey,KZ,2022-10-03 14:35:57,50.4111,80.2275,38.98,49,0,10.76
562,Bandundu,CD,2022-10-03 14:35:58,-3.3167,17.3667,86.4,51,95,3.85
563,Roma,US,2022-10-03 14:35:58,43.2128,-75.4557,51.39,71,100,1.01
564,Kahta,TR,2022-10-03 14:35:58,37.7855,38.6237,83.57,26,14,4.63
565,Coquimbo,CL,2022-10-03 14:35:59,-29.9533,-71.3436,53.33,100,100,1.14
566,High Rock,BS,2022-10-03 14:35:59,26.6208,-78.2833,82.42,66,40,13.09
567,Krasnokholm,RU,2022-10-03 14:36:00,51.5979,54.1567,54.18,36,3,8.46
568,Inongo,CD,2022-10-03 14:36:00,-1.95,18.2667,76.26,77,77,7.7
569,Corowa,AU,2022-10-03 14:36:00,-36.0333,146.3833,52.41,92,98,3.18
570,Krasnoselkup,RU,2022-10-03 14:36:01,65.7,82.4667,33.12,74,96,20.47
571,Zhuhai,CN,2022-10-03 14:36:01,22.2769,113.5678,85.78,79,0,5.75
572,Kharp,RU,2022-10-03 14:33:12,66.8014,65.8081,35.2,98,100,9.51
573,Gazojak,TM,2022-10-03 14:36:02,41.1875,61.4036,60.03,13,0,9.01
574,Terra Santa,BR,2022-10-03 14:36:03,-2.1042,-56.4869,97.05,39,100,1.14
575,Nishihara,JP,2022-10-03 14:36:03,26.1842,127.7558,82.45,76,20,8.05
576,Kayerkan,RU,2022-10-03 14:36:04,69.3497,87.7602,32.52,92,100,17.2
577,Kokoda,PG,2022-10-03 14:36:04,-8.8785,147.7407,74.32,96,100,0.34
578,Ulaanbaatar,MN,2022-10-03 14:34:14,47.9077,106.8832,19.53,73,0,2.24
579,Taltal,CL,2022-10-03 14:32:05,-25.4,-70.4833,61.18,67,20,4.81
580,Murgab,TM,2022-10-03 14:36:05,37.4966,61.9714,69.67,40,0,6.91
